{"info":{"_postman_id":"82538594-dd29-426b-aac1-89f970523517","name":"DBS - Cisco Custom API","schema":"https://schema.getpostman.com/json/collection/v2.1.0/collection.json"},"item":[{"name":"Callback API - localhost","item":[{"name":"Register","id":"e6854a25-3e9a-4af2-92b0-613979d048bc","protocolProfileBehavior":{"disableBodyPruning":true},"request":{"method":"POST","header":[],"body":{"mode":"raw","raw":"{\r\n  \"customerIdentifier\": \"89XXX15\",\r\n  \"phoneNumber\": \"998897676\",\r\n  \"scheduleDate\": \"03-02-2023\",\r\n  \"timeSlot\": \"09:00 AM-10:00 AM\",\r\n  \"comment\": \"need help for mutual fund\",\r\n  \"additionalData\": {\r\n    \"topic\": \"campaign\",\r\n    \"segment\": \"01\",\r\n    \"subsegment\": \"0010\"\r\n  },\r\n  \"identifier\": \"SlotBookingCamp\"\r\n}","options":{"raw":{"language":"json"}}},"url":{"raw":"http://localhost:53255/api/CallBack/Register","protocol":"http","host":["localhost"],"port":"53255","path":["api","CallBack","Register"]}},"response":[]},{"name":"Reschedule","id":"aa9c5b79-f224-4dfe-bf75-93e89a239c31","protocolProfileBehavior":{"disableBodyPruning":true},"request":{"method":"POST","header":[],"body":{"mode":"raw","raw":"{\r\n  \"customerIdentifier\": \"89XXX15\",\r\n  \"phoneNumber\": \"998897676\",\r\n  \"scheduleDate\": \"04-02-2023\",\r\n  \"timeSlot\": \"09:00 AM-10:00 AM\",\r\n  \"comment\": \"need help for mutual fund\",\r\n  \"additionalData\": {\r\n    \"topic\": \"campaign\",\r\n    \"segment\": \"01\",\r\n    \"subsegment\": \"0010\"\r\n  },\r\n  \"identifier\": \"SlotBookingCamp\"\r\n}","options":{"raw":{"language":"json"}}},"url":{"raw":"http://localhost:53255/api/CallBack/Reschedule","protocol":"http","host":["localhost"],"port":"53255","path":["api","CallBack","Reschedule"]}},"response":[]},{"name":"Cancel","id":"f89545b6-efb9-4872-8231-bde78846ba8f","protocolProfileBehavior":{"disableBodyPruning":true},"request":{"method":"POST","header":[],"body":{"mode":"raw","raw":"{\r\n  \"customerIdentifier\": \"89XXX15\"\r\n}","options":{"raw":{"language":"json"}}},"url":{"raw":"http://localhost:53255/api/CallBack/Cancel","protocol":"http","host":["localhost"],"port":"53255","path":["api","CallBack","Cancel"]}},"response":[]},{"name":"GetCallbackInfo","id":"4883cfcc-fc85-41e8-bd23-47b4c8ac4a41","protocolProfileBehavior":{"disableBodyPruning":true},"request":{"method":"POST","header":[],"body":{"mode":"raw","raw":"{\r\n  \"customerIdentifier\": \"89XXX15\"\r\n}","options":{"raw":{"language":"json"}}},"url":{"raw":"http://localhost:53255/api/CallBack/GetCallbackInfo","protocol":"http","host":["localhost"],"port":"53255","path":["api","CallBack","GetCallbackInfo"]}},"response":[]},{"name":"GetAvailableSlots","id":"9ff1645d-1014-4238-b2ec-156636859d64","protocolProfileBehavior":{"disableBodyPruning":true},"request":{"method":"GET","header":[],"url":{"raw":"http://localhost:53255/api/CallBack/GetAvailableSlots","protocol":"http","host":["localhost"],"port":"53255","path":["api","CallBack","GetAvailableSlots"]}},"response":[]}],"id":"7ad97a44-51a1-43e1-a280-0f196941a3c9"},{"name":"Callback API - SIT","item":[{"name":"Register","id":"e42f59f9-16d3-45f3-b3ca-400d18446bbe","protocolProfileBehavior":{"disableBodyPruning":true},"request":{"method":"POST","header":[],"body":{"mode":"raw","raw":"{\r\n  \"customerIdentifier\": \"89XXX15\",\r\n  \"phoneNumber\": \"998897676\",\r\n  \"scheduleDate\": \"03-02-2023\",\r\n  \"timeSlot\": \"09:00 AM-10:00 AM\",\r\n  \"comment\": \"need help for mutual fund\",\r\n  \"additionalData\": {\r\n    \"topic\": \"campaign\",\r\n    \"segment\": \"01\",\r\n    \"subsegment\": \"0010\"\r\n  },\r\n  \"identifier\": \"SlotBookingCamp\"\r\n}","options":{"raw":{"language":"json"}}},"url":{"raw":"https://10.133.146.56:17080/SlotBookingAPI/api/CallBack/Register","protocol":"https","host":["10","133","146","56"],"port":"17080","path":["SlotBookingAPI","api","CallBack","Register"]}},"response":[]},{"name":"Reschedule","id":"2ed37c05-5d92-40b0-ba97-66fd066bf9ae","protocolProfileBehavior":{"disableBodyPruning":true},"request":{"method":"POST","header":[],"body":{"mode":"raw","raw":"{\r\n  \"customerIdentifier\": \"89XXX15\",\r\n  \"phoneNumber\": \"998897676\",\r\n  \"scheduleDate\": \"04-02-2023\",\r\n  \"timeSlot\": \"09:00 AM-10:00 AM\",\r\n  \"comment\": \"need help for mutual fund\",\r\n  \"additionalData\": {\r\n    \"topic\": \"campaign\",\r\n    \"segment\": \"01\",\r\n    \"subsegment\": \"0010\"\r\n  },\r\n  \"identifier\": \"SlotBookingCamp\"\r\n}","options":{"raw":{"language":"json"}}},"url":{"raw":"https://10.133.146.56:17080/SlotBookingAPI/api/CallBack/Reschedule","protocol":"https","host":["10","133","146","56"],"port":"17080","path":["SlotBookingAPI","api","CallBack","Reschedule"]}},"response":[]},{"name":"Cancel","id":"b92377e1-32ee-4c0f-be8f-213a14460b58","protocolProfileBehavior":{"disableBodyPruning":true},"request":{"method":"POST","header":[],"body":{"mode":"raw","raw":"{\r\n  \"customerIdentifier\": \"89XXX15\"\r\n}","options":{"raw":{"language":"json"}}},"url":{"raw":"https://10.133.146.56:17080/SlotBookingAPI/api/CallBack/Cancel","protocol":"https","host":["10","133","146","56"],"port":"17080","path":["SlotBookingAPI","api","CallBack","Cancel"]}},"response":[]},{"name":"GetCallbackInfo","id":"da39ce05-8a93-4159-81ba-d16b8ea102bd","protocolProfileBehavior":{"disableBodyPruning":true},"request":{"method":"POST","header":[],"body":{"mode":"raw","raw":"{\r\n  \"customerIdentifier\": \"89XXX15\"\r\n}","options":{"raw":{"language":"json"}}},"url":{"raw":"https://10.133.146.56:17080/SlotBookingAPI/api/CallBack/GetCallbackInfo","protocol":"https","host":["10","133","146","56"],"port":"17080","path":["SlotBookingAPI","api","CallBack","GetCallbackInfo"]}},"response":[]},{"name":"GetAvailableSlots","id":"d4440649-75dd-49f2-babb-95f27950cd56","protocolProfileBehavior":{"disableBodyPruning":true},"request":{"method":"GET","header":[],"url":{"raw":"https://10.133.146.56:17080/SlotBookingAPI/api/CallBack/GetAvailableSlots","protocol":"https","host":["10","133","146","56"],"port":"17080","path":["SlotBookingAPI","api","CallBack","GetAvailableSlots"]}},"response":[]}],"id":"47be70cb-b704-42ec-a071-8149b3c7e9d5"},{"name":"TMAC HTTP Proxy","item":[{"name":"SendTextChatFromTemplate","id":"cb653844-8f47-4894-9a28-91ab3a49468f","protocolProfileBehavior":{"disableBodyPruning":true},"request":{"method":"POST","header":[],"body":{"mode":"raw","raw":"{\r\n    \"deviceid\": \"50001\",\r\n    \"interactionid\": \"1000\",\r\n    \"text\": \"RMCallbackRequest\",\r\n    \"tid\": \"\"\r\n}","options":{"raw":{"language":"json"}}},"url":{"raw":"https://10.133.146.56:17080/TmacHttpProxy/TmacProxy.asmx/SendTextChatFromTemplate","protocol":"https","host":["10","133","146","56"],"port":"17080","path":["TmacHttpProxy","TmacProxy.asmx","SendTextChatFromTemplate"]}},"response":[]}],"id":"2e0c0c87-8afc-40d5-a9a0-347c0ab6f960"},{"name":"TMACSDKProxy","item":[{"name":"SendTextChat","id":"49083d8d-e278-4387-8018-d4d01ec0a301","protocolProfileBehavior":{"disableBodyPruning":true},"request":{"method":"POST","header":[],"body":{"mode":"raw","raw":"{\r\n    \"deviceId\": \"administrator\",\r\n    \"interactionId\": \"1000\",\r\n    \"message\": \"RMCallbackRequest\",\r\n    \"tmacServer\": \"TmacServer1\",\r\n    \"messageId\": \"\",\r\n    \"templateId\": \"\",\r\n    \"type\": \"\"\r\n}","options":{"raw":{"language":"json"}}},"url":{"raw":"https://10.133.146.56:17080/TmacSDKProxy/TmacProxy.asmx/SendTextChat","protocol":"https","host":["10","133","146","56"],"port":"17080","path":["TmacSDKProxy","TmacProxy.asmx","SendTextChat"]}},"response":[]}],"id":"02503a88-3d90-4bda-aed0-9f6f930c1c0f"},{"name":"TMACSDKProxy_HA","item":[{"name":"SendTextChat","id":"3f103ae3-6d28-4bbe-9c5f-3fec8ddd23b9","protocolProfileBehavior":{"disableBodyPruning":true},"request":{"method":"POST","header":[],"body":{"mode":"raw","raw":"{\r\n    \"deviceId\": \"administrator\",\r\n    \"interactionId\": \"1000\",\r\n    \"message\": \"RMCallbackRequest\",\r\n    \"tmacServer\": \"TmacServer1\",\r\n    \"messageId\": \"\",\r\n    \"templateId\": \"\",\r\n    \"type\": \"\"\r\n}","options":{"raw":{"language":"json"}}},"url":{"raw":"https://10.133.146.56:17080/TmacSDKProxy_HA/TmacProxy.asmx/SendTextChat","protocol":"https","host":["10","133","146","56"],"port":"17080","path":["TmacSDKProxy_HA","TmacProxy.asmx","SendTextChat"]}},"response":[]}],"id":"c4a9eba5-995e-439b-997b-3fa2438eda96"},{"name":"callbackGetBookedSlotInfo","id":"7e80a88d-cfb5-4fcd-a0d0-42d2157494f2","protocolProfileBehavior":{"disableBodyPruning":true},"request":{"method":"POST","header":[],"body":{"mode":"raw","raw":"{\r\n    \"action\": \"callbackGetBookedSlotInfo\",\r\n    \"startDate\": \"2023-01-01 00:00\",\r\n    \"endDate\": \"2023-03-01 00:00\"\r\n}","options":{"raw":{"language":"json"}}},"url":{"raw":"http://pcce.vpod68.dc-02.com/FinesseHostService/tmac/sendEvent","protocol":"http","host":["pcce","vpod68","dc-02","com"],"path":["FinesseHostService","tmac","sendEvent"]}},"response":[{"id":"082663c6-bea3-4e3e-8461-d053f468f571","name":"callbackGetBookedSlotInfo","originalRequest":{"method":"POST","header":[],"body":{"mode":"raw","raw":"{\r\n    \"action\": \"callbackGetBookedSlotInfo\",\r\n    \"startDate\": \"2023-01-01 00:00\",\r\n    \"endDate\": \"2023-01-31 00:00\"\r\n}","options":{"raw":{"language":"json"}}},"url":{"raw":"http://pcce.vpod68.dc-02.com/FinesseHostService/tmac/sendEvent","protocol":"http","host":["pcce","vpod68","dc-02","com"],"path":["FinesseHostService","tmac","sendEvent"]}},"status":"OK","code":200,"_postman_previewlanguage":"json","header":[{"key":"Server","value":"nginx/1.10.3 (Ubuntu)"},{"key":"Date","value":"Tue, 31 Jan 2023 09:50:02 GMT"},{"key":"Content-Type","value":"application/json"},{"key":"Transfer-Encoding","value":"chunked"},{"key":"Connection","value":"keep-alive"},{"key":"Access-Control-Allow-Origin","value":"*"},{"key":"Access-Control-Allow-Methods","value":"GET,POST,DELETE,PUT,OPTIONS"},{"key":"Access-Control-Allow-Headers","value":"*"},{"key":"X-Content-Type-Options","value":"nosniff"},{"key":"X-XSS-Protection","value":"1; mode=block"},{"key":"Cache-Control","value":"no-cache, no-store, max-age=0, must-revalidate"},{"key":"Pragma","value":"no-cache"},{"key":"Expires","value":"0"},{"key":"X-Frame-Options","value":"DENY"}],"cookie":[],"responseTime":null,"body":"{\n    \"status\": 0,\n    \"statusMessage\": \"Success\",\n    \"list\": []\n}"}]},{"name":"callbackRegister","id":"a62e8924-436f-4af8-b6d2-782e61fab94d","protocolProfileBehavior":{"disableBodyPruning":true},"request":{"method":"POST","header":[],"body":{"mode":"raw","raw":"{\r\n    \"action\": \"callbackRegister\",\r\n    \"customerIdentifier\": \"32750607080788001\",\r\n    \"phoneNumber\": \"628119887117\",\r\n    \"scheduleDate\": \"2023-02-01\",\r\n    \"timeSlot\": \"12:00\"\r\n}","options":{"raw":{"language":"json"}}},"url":{"raw":"http://pcce.vpod68.dc-02.com/FinesseHostService/tmac/sendEvent","protocol":"http","host":["pcce","vpod68","dc-02","com"],"path":["FinesseHostService","tmac","sendEvent"]}},"response":[]},{"name":"callbackGetCallbackInfo","id":"44f91944-df88-4198-afc8-ddcf7e1263df","protocolProfileBehavior":{"disableBodyPruning":true},"request":{"method":"POST","header":[],"body":{"mode":"raw","raw":"{\r\n    \"action\": \"callbackGetBookedSlotInfo\",\r\n    \"startDate\": \"2023-01-01 00:00\",\r\n    \"endDate\": \"2023-01-31 00:00\"\r\n}","options":{"raw":{"language":"json"}}},"url":{"raw":"http://pcce.vpod68.dc-02.com/FinesseHostService/tmac/sendEvent","protocol":"http","host":["pcce","vpod68","dc-02","com"],"path":["FinesseHostService","tmac","sendEvent"]}},"response":[]}]}