{"info":{"_postman_id":"9e29c543-9584-404f-be4d-79da171505e6","name":"UOBI - WorkQueue","schema":"https://schema.getpostman.com/json/collection/v2.1.0/collection.json"},"item":[{"name":"GetQueueCount","id":"2b823e56-9b8d-4236-bda0-2fe21fafb229","protocolProfileBehavior":{"disableBodyPruning":true},"request":{"method":"POST","header":[],"body":{"mode":"raw","raw":"{\r\n    \"queue\": 49051\r\n}","options":{"raw":{"language":"json"}}},"url":{"raw":"http://10.133.146.158:8090/REST_WorkQueue/GetQueueCount","protocol":"http","host":["10","133","146","158"],"port":"8090","path":["REST_WorkQueue","GetQueueCount"]}},"response":[]}]}